Node,max_freq
1433B_HUMAN,0.16
1433E_HUMAN,0.16
1433G_HUMAN,0.16
1433S_HUMAN,0.12
1433T_HUMAN,0.16
2A5A_HUMAN,0.16
2A5E_HUMAN,0.16
2AAB_HUMAN,0.16
41_HUMAN,0.08
4EBP1_HUMAN,0.16
4EBP2_HUMAN,0.16
4EBP3_HUMAN,0.16
A0A5E8_HUMAN,0.08
A2AP_HUMAN,0.13
A2MG_HUMAN,0.12
A2RUM7_HUMAN,0.16
A4D0W0_HUMAN,0.12
A4D1G0_HUMAN,0.12
A4D2P0_HUMAN,0.12
A4D2P1_HUMAN,0.12
A4QPA9_HUMAN,0.16
A4_HUMAN,0.12
A8K379_HUMAN,0.12
A8K3Y2_HUMAN,0.16
A8K401_HUMAN,0.12
A8KAH9_HUMAN,0.12
AAAT_HUMAN,0.12
AAK1_HUMAN,0.16
AAKB1_HUMAN,0.16
AAPK1_HUMAN,0.16
ABCF2_HUMAN,0.08
ABHGA_HUMAN,0.08
ABL1_HUMAN,0.16
ABLM1_HUMAN,0.12
ACBP_HUMAN,0.12
ACD_HUMAN,0.08
ACINU_HUMAN,0.18
ACK1_HUMAN,0.08
ACOC_HUMAN,0.08
ACTB_HUMAN,0.16
ACTY_HUMAN,0.15
ADA15_HUMAN,0.12
ADRM1_HUMAN,0.16
AF9_HUMAN,0.16
AFF4_HUMAN,0.16
AKA10_HUMAN,0.16
AKAP1_HUMAN,0.16
AKT1_HUMAN,0.16
AKT2_HUMAN,0.12
AKTIP_HUMAN,0.08
ALBU_HUMAN,0.12
ALG3_HUMAN,0.08
ALKB5_HUMAN,0.12
AMPD2_HUMAN,0.12
AN32A_HUMAN,0.16
ANDR_HUMAN,0.12
ANLN_HUMAN,0.12
ANT3_HUMAN,0.12
APC1_HUMAN,0.16
APC_HUMAN,0.12
APOB_HUMAN,0.12
APTX_HUMAN,0.16
ARBK2_HUMAN,0.12
ARC1A_HUMAN,0.08
ARF6_HUMAN,0.08
ARFG1_HUMAN,0.08
ARGL1_HUMAN,0.12
ARHG1_HUMAN,0.12
ARHG6_HUMAN,0.12
ARHG7_HUMAN,0.16
ARI3A_HUMAN,0.12
ARI4B_HUMAN,0.12
ARP19_HUMAN,0.12
ARRB1_HUMAN,0.08
ARRB2_HUMAN,0.12
ATAD5_HUMAN,0.12
ATAT_HUMAN,0.12
ATF2_HUMAN,0.16
ATF7_HUMAN,0.12
ATG2A_HUMAN,0.12
ATG9A_HUMAN,0.12
ATIF1_HUMAN,0.12
ATM_HUMAN,0.16
ATN1_HUMAN,0.16
ATP4A_HUMAN,0.12
ATP9B_HUMAN,0.08
ATRX_HUMAN,0.16
ATR_HUMAN,0.16
ATX1_HUMAN,0.12
ATX2L_HUMAN,0.12
AURKB_HUMAN,0.16
AXIN1_HUMAN,0.16
B0LPE5_HUMAN,0.16
B0LPF3_HUMAN,0.08
B2CL2_HUMAN,0.16
B2R4R0_HUMAN,0.16
B2R5T5_HUMAN,0.16
B2R812_HUMAN,0.08
B2RBV7_HUMAN,0.16
B2RNT7_HUMAN,0.12
B3KUN1_HUMAN,0.16
B4DJ51_HUMAN,0.08
B4DL80_HUMAN,0.16
B4DPT1_HUMAN,0.16
B4DQB3_HUMAN,0.16
B4DY08_HUMAN,0.12
B4E1U9_HUMAN,0.04
B7Z2P9_HUMAN,0.08
B7Z3D6_HUMAN,0.16
B7ZKJ8_HUMAN,0.12
BAD_HUMAN,0.16
BAG4_HUMAN,0.12
BARD1_HUMAN,0.12
BAZ1B_HUMAN,0.16
BCKD_HUMAN,0.12
BCL2_HUMAN,0.08
BICD1_HUMAN,0.16
BIRC2_HUMAN,0.04
BIRC5_HUMAN,0.12
BLM_HUMAN,0.16
BMI1_HUMAN,0.16
BMP2K_HUMAN,0.12
BNI3L_HUMAN,0.12
BNIP3_HUMAN,0.08
BOREA_HUMAN,0.24
BPL1_HUMAN,0.12
BRAP_HUMAN,0.16
BRCA1_HUMAN,0.16
BRCA2_HUMAN,0.16
BRD1_HUMAN,0.08
BRPF1_HUMAN,0.24
BTF3_HUMAN,0.16
BUD13_HUMAN,0.32
C2CD5_HUMAN,0.12
C2TA_HUMAN,0.12
CA174_HUMAN,0.12
CAF1A_HUMAN,0.16
CAF1B_HUMAN,0.16
CAMP1_HUMAN,0.12
CAND1_HUMAN,0.04
CASP3_HUMAN,0.16
CASP9_HUMAN,0.04
CATG_HUMAN,0.12
CATIN_HUMAN,0.15
CBL_HUMAN,0.16
CBX1_HUMAN,0.16
CBX5_HUMAN,0.16
CBX8_HUMAN,0.16
CC85B_HUMAN,0.04
CCAR2_HUMAN,0.16
CCD92_HUMAN,0.12
CCDC6_HUMAN,0.16
CCDC9_HUMAN,0.12
CCNB1_HUMAN,0.16
CCND1_HUMAN,0.04
CCND3_HUMAN,0.12
CCNE1_HUMAN,0.08
CCNF_HUMAN,0.12
CCNT1_HUMAN,0.16
CD2A2_HUMAN,0.16
CD2AP_HUMAN,0.16
CD3E_HUMAN,0.16
CD3Z_HUMAN,0.16
CD7_HUMAN,0.16
CDA7L_HUMAN,0.12
CDC20_HUMAN,0.16
CDC37_HUMAN,0.12
CDC42_HUMAN,0.12
CDC73_HUMAN,0.16
CDC7_HUMAN,0.16
CDK1_HUMAN,0.16
CDK2_HUMAN,0.16
CDK4_HUMAN,0.12
CDK5_HUMAN,0.12
CDK9_HUMAN,0.16
CDN1A_HUMAN,0.12
CDS2_HUMAN,0.12
CE022_HUMAN,0.15
CENPA_HUMAN,0.16
CENPF_HUMAN,0.12
CFTR_HUMAN,0.12
CHD4_HUMAN,0.16
CHERP_HUMAN,0.12
CHIP_HUMAN,0.16
CIAO1_HUMAN,0.12
CIC_HUMAN,0.08
CIR1_HUMAN,0.16
CIRBP_HUMAN,0.12
CK5P3_HUMAN,0.12
CLH1_HUMAN,0.12
CLN8_HUMAN,0.04
CLPX_HUMAN,0.08
CLUS_HUMAN,0.12
CNBP_HUMAN,0.12
CND2_HUMAN,0.08
CND3_HUMAN,0.04
CNOT2_HUMAN,0.2
CNOT3_HUMAN,0.2
CNOT4_HUMAN,0.16
CO039_HUMAN,0.08
CO3_HUMAN,0.12
CO7_HUMAN,0.12
COASY_HUMAN,0.16
COF1_HUMAN,0.16
COMD1_HUMAN,0.16
CPPED_HUMAN,0.08
CREB1_HUMAN,0.12
CREB3_HUMAN,0.08
CRKL_HUMAN,0.16
CSK21_HUMAN,0.16
CSKI1_HUMAN,0.12
CSN5_HUMAN,0.12
CSN6_HUMAN,0.12
CTCF_HUMAN,0.16
CTNB1_HUMAN,0.16
CTRO_HUMAN,0.16
CUL1_HUMAN,0.16
CUL2_HUMAN,0.16
CUL3_HUMAN,0.16
CUL4A_HUMAN,0.12
CUTC_HUMAN,0.18
CWC15_HUMAN,0.12
CYTSA_HUMAN,0.12
D0PNI1_HUMAN,0.16
D0VY79_HUMAN,0.16
D3DU92_HUMAN,0.12
D4PHA4_HUMAN,0.08
DAPK1_HUMAN,0.12
DAXX_HUMAN,0.16
DC1L1_HUMAN,0.12
DCA10_HUMAN,0.12
DCAKD_HUMAN,0.04
DCP1A_HUMAN,0.16
DCP1B_HUMAN,0.16
DCP2_HUMAN,0.16
DDA1_HUMAN,0.16
DDB1_HUMAN,0.16
DDB2_HUMAN,0.12
DDRGK_HUMAN,0.12
DDX21_HUMAN,0.16
DDX23_HUMAN,0.12
DDX58_HUMAN,0.12
DDX5_HUMAN,0.16
DEFI6_HUMAN,0.12
DENR_HUMAN,0.12
DGCR8_HUMAN,0.12
DLGP4_HUMAN,0.12
DMAP1_HUMAN,0.08
DNJB2_HUMAN,0.12
DNMT1_HUMAN,0.16
DOK2_HUMAN,0.16
DPOA2_HUMAN,0.08
DREB_HUMAN,0.08
DYL1_HUMAN,0.12
DYR1A_HUMAN,0.16
E2F1_HUMAN,0.16
E2F3_HUMAN,0.16
E2F4_HUMAN,0.12
E9KL35_HUMAN,0.12
E9KL44_HUMAN,0.08
ECT2_HUMAN,0.16
EDC4_HUMAN,0.16
EDF1_HUMAN,0.16
EF2_HUMAN,0.12
EGFR_HUMAN,0.16
EI24_HUMAN,0.12
EIF3A_HUMAN,0.16
EIF3B_HUMAN,0.04
EIF3F_HUMAN,0.12
ELF1_HUMAN,0.16
ELP1_HUMAN,0.12
EMD_HUMAN,0.16
EMSY_HUMAN,0.17
EP300_HUMAN,0.16
EP400_HUMAN,0.08
ERBB2_HUMAN,0.16
ERIC1_HUMAN,0.12
ESYT2_HUMAN,0.08
EVL_HUMAN,0.12
EXOC4_HUMAN,0.12
EXOC7_HUMAN,0.08
EZRI_HUMAN,0.12
F110C_HUMAN,0.12
F6KD01_HUMAN,0.12
FADD_HUMAN,0.16
FAF1_HUMAN,0.16
FBX41_HUMAN,0.12
FBX42_HUMAN,0.12
FBXW7_HUMAN,0.12
FEN1_HUMAN,0.04
FGD6_HUMAN,0.12
FIZ1_HUMAN,0.08
FKBP4_HUMAN,0.16
FLII_HUMAN,0.08
FNBP4_HUMAN,0.16
FOS_HUMAN,0.16
G3XAN8_HUMAN,0.08
G4XH65_HUMAN,0.16
GATA4_HUMAN,0.09
GBRAP_HUMAN,0.12
GBRL1_HUMAN,0.16
GDIR1_HUMAN,0.16
GIPC1_HUMAN,0.12
GIT1_HUMAN,0.12
GLYR1_HUMAN,0.12
GNL1_HUMAN,0.12
GOGA2_HUMAN,0.12
GOLP3_HUMAN,0.18
GON4L_HUMAN,0.12
GORS2_HUMAN,0.12
GPTC8_HUMAN,0.12
GRAP2_HUMAN,0.16
GRB2_HUMAN,0.04
GSK3B_HUMAN,0.16
H12_HUMAN,0.16
H13_HUMAN,0.16
H2AX_HUMAN,0.16
H31T_HUMAN,0.12
H31_HUMAN,0.16
HCFC1_HUMAN,0.08
HDAC1_HUMAN,0.16
HDAC2_HUMAN,0.16
HDAC4_HUMAN,0.16
HD_HUMAN,0.12
HEBP2_HUMAN,0.12
HGS_HUMAN,0.12
HIRA_HUMAN,0.16
HMGA1_HUMAN,0.16
HMGN3_HUMAN,0.12
HNRH3_HUMAN,0.12
HNRL2_HUMAN,0.12
HNRPD_HUMAN,0.12
HNRPF_HUMAN,0.16
HNRPK_HUMAN,0.16
HOIL1_HUMAN,0.08
HOMEZ_HUMAN,0.12
HS90A_HUMAN,0.16
HTF4_HUMAN,0.12
HXB4_HUMAN,0.12
I17RA_HUMAN,0.16
I2BP2_HUMAN,0.18
IBP2_HUMAN,0.12
IF16_HUMAN,0.16
IF4A1_HUMAN,0.12
IF4E_HUMAN,0.16
IF4G1_HUMAN,0.16
IFNB_HUMAN,0.12
IGBP1_HUMAN,0.16
IKBA_HUMAN,0.12
IKKA_HUMAN,0.16
IKKB_HUMAN,0.16
IN80E_HUMAN,0.11
INT1_HUMAN,0.12
INT3_HUMAN,0.12
IRAK1_HUMAN,0.04
IRF1_HUMAN,0.12
IRF3_HUMAN,0.12
IRF7_HUMAN,0.12
IRF8_HUMAN,0.12
ITCH_HUMAN,0.08
IWS1_HUMAN,0.12
J3KN59_HUMAN,0.16
J3KNL6_HUMAN,0.12
JAK2_HUMAN,0.12
JKIP1_HUMAN,0.12
JUN_HUMAN,0.16
K1C10_HUMAN,0.12
K1C16_HUMAN,0.12
K7PPA8_HUMAN,0.16
KAPCA_HUMAN,0.16
KAT2A_HUMAN,0.12
KAT2B_HUMAN,0.16
KAT6A_HUMAN,0.24
KAT8_HUMAN,0.12
KBTB7_HUMAN,0.16
KC1A_HUMAN,0.16
KC1E_HUMAN,0.12
KCRM_HUMAN,0.12
KDM1A_HUMAN,0.16
KDM2B_HUMAN,0.12
KDM3B_HUMAN,0.08
KEAP1_HUMAN,0.16
KHDR1_HUMAN,0.16
KI13B_HUMAN,0.12
KIF14_HUMAN,0.12
KIF2A_HUMAN,0.12
KIF4A_HUMAN,0.16
KLC4_HUMAN,0.12
KNOP1_HUMAN,0.12
KPBB_HUMAN,0.12
KPCA_HUMAN,0.16
KS6B1_HUMAN,0.16
KSYK_HUMAN,0.12
KTNA1_HUMAN,0.18
KTNB1_HUMAN,0.18
L7RRS6_HUMAN,0.16
L7RT18_HUMAN,0.16
LAT_HUMAN,0.16
LCAP_HUMAN,0.12
LCK_HUMAN,0.16
LCP2_HUMAN,0.16
LDB1_HUMAN,0.12
LMO7_HUMAN,0.3
LRP1_HUMAN,0.16
LRRC1_HUMAN,0.12
LSM12_HUMAN,0.12
LSM2_HUMAN,0.12
LSM7_HUMAN,0.12
LUZP1_HUMAN,0.12
LYAR_HUMAN,0.08
M3K14_HUMAN,0.12
M3K1_HUMAN,0.16
M3K2_HUMAN,0.16
M3K7_HUMAN,0.16
MAGD1_HUMAN,0.16
MAP1S_HUMAN,0.12
MAPK2_HUMAN,0.16
MAST4_HUMAN,0.12
MAX_HUMAN,0.12
MCM2_HUMAN,0.16
MD2L1_HUMAN,0.12
MDM2_HUMAN,0.16
MDN1_HUMAN,0.12
MED19_HUMAN,0.04
MED1_HUMAN,0.16
MED4_HUMAN,0.08
MGMT_HUMAN,0.04
MK01_HUMAN,0.16
MK08_HUMAN,0.16
MK14_HUMAN,0.16
MLH1_HUMAN,0.16
MLP3A_HUMAN,0.12
MMTA2_HUMAN,0.12
MORC3_HUMAN,0.16
MP2K4_HUMAN,0.16
MS18A_HUMAN,0.12
MTFR1_HUMAN,0.12
MTG8R_HUMAN,0.16
MTG8_HUMAN,0.16
MTMR4_HUMAN,0.12
MTOR_HUMAN,0.16
MUS81_HUMAN,0.16
MYC_HUMAN,0.16
N0E4C7_HUMAN,0.16
NAB1_HUMAN,0.16
NCK1_HUMAN,0.16
NCOA1_HUMAN,0.16
NCOA7_HUMAN,0.12
NCOR1_HUMAN,0.16
NDUB8_HUMAN,0.12
NEDD4_HUMAN,0.16
NEK1_HUMAN,0.12
NELFB_HUMAN,0.12
NELL1_HUMAN,0.08
NEMF_HUMAN,0.08
NEMO_HUMAN,0.12
NFAC2_HUMAN,0.08
NFIC_HUMAN,0.12
NFYA_HUMAN,0.08
NHRF1_HUMAN,0.16
NINL_HUMAN,0.08
NKTR_HUMAN,0.12
NNTM_HUMAN,0.04
NOL8_HUMAN,0.16
NOLC1_HUMAN,0.16
NOP56_HUMAN,0.08
NOTC1_HUMAN,0.12
NPM_HUMAN,0.16
NSD3_HUMAN,0.12
NSE2_HUMAN,0.12
NSRP1_HUMAN,0.08
NSUN5_HUMAN,0.04
NU107_HUMAN,0.16
NU153_HUMAN,0.16
NU188_HUMAN,0.12
NUCL_HUMAN,0.16
NUMA1_HUMAN,0.16
NUMBL_HUMAN,0.16
NUP93_HUMAN,0.12
NUP98_HUMAN,0.16
OXSR1_HUMAN,0.12
P53_HUMAN,0.16
P63_HUMAN,0.12
P85A_HUMAN,0.16
PABP1_HUMAN,0.12
PAK1_HUMAN,0.16
PALM_HUMAN,0.08
PAPOA_HUMAN,0.12
PARP1_HUMAN,0.12
PARP6_HUMAN,0.12
PATL1_HUMAN,0.16
PAXI1_HUMAN,0.12
PCBP2_HUMAN,0.12
PCF11_HUMAN,0.12
PCNA_HUMAN,0.16
PCNP_HUMAN,0.12
PCY1A_HUMAN,0.12
PDC6I_HUMAN,0.12
PDS5A_HUMAN,0.16
PEX19_HUMAN,0.16
PGM2_HUMAN,0.12
PHAX_HUMAN,0.12
PIAS1_HUMAN,0.16
PIN1_HUMAN,0.12
PININ_HUMAN,0.16
PLCG1_HUMAN,0.16
PLCL2_HUMAN,0.12
PLEC_HUMAN,0.16
PLIN3_HUMAN,0.12
PLK1_HUMAN,0.16
PLMN_HUMAN,0.13
PLXB1_HUMAN,0.12
PMYT1_HUMAN,0.16
POSTN_HUMAN,0.04
POTE1_HUMAN,0.08
PP16B_HUMAN,0.12
PP1A_HUMAN,0.12
PP4C_HUMAN,0.16
PP6R3_HUMAN,0.12
PPIP1_HUMAN,0.16
PPM1G_HUMAN,0.12
PRC2A_HUMAN,0.08
PRC2B_HUMAN,0.12
PRIO_HUMAN,0.12
PRKN2_HUMAN,0.16
PRPF3_HUMAN,0.16
PRR12_HUMAN,0.39
PRS7_HUMAN,0.04
PRSR1_HUMAN,0.12
PSA2_HUMAN,0.12
PSA7_HUMAN,0.12
PSD11_HUMAN,0.12
PSMD2_HUMAN,0.16
PSMD4_HUMAN,0.16
PTTG1_HUMAN,0.16
PUM1_HUMAN,0.39
PZP_HUMAN,0.12
Q53T99_HUMAN,0.08
Q56A76_HUMAN,0.16
Q658J6_HUMAN,0.16
Q6FIE9_HUMAN,0.04
Q7Z372_HUMAN,0.08
Q9H836_HUMAN,0.08
Q9HBD4_HUMAN,0.08
RAB4A_HUMAN,0.12
RAD21_HUMAN,0.12
RAD51_HUMAN,0.16
RAE1L_HUMAN,0.12
RAF1_HUMAN,0.16
RASF5_HUMAN,0.11
RB12B_HUMAN,0.12
RB15B_HUMAN,0.12
RBBP5_HUMAN,0.16
RBM15_HUMAN,0.12
RBM39_HUMAN,0.12
RBM5_HUMAN,0.2
RBM6_HUMAN,0.12
RBMX_HUMAN,0.16
RBP2_HUMAN,0.16
RBP56_HUMAN,0.12
RBX1_HUMAN,0.16
RB_HUMAN,0.16
RCOR1_HUMAN,0.12
RED_HUMAN,0.12
RENT1_HUMAN,0.16
RENT2_HUMAN,0.08
REPS1_HUMAN,0.12
RFTN1_HUMAN,0.12
RHG01_HUMAN,0.16
RHOA_HUMAN,0.16
RIC8A_HUMAN,0.12
RING2_HUMAN,0.16
RIPK1_HUMAN,0.16
RL28_HUMAN,0.12
RL35_HUMAN,0.12
RLA1_HUMAN,0.08
RN114_HUMAN,0.12
RN168_HUMAN,0.16
RN169_HUMAN,0.16
RNF10_HUMAN,0.12
RNF25_HUMAN,0.16
RNF31_HUMAN,0.08
ROCK1_HUMAN,0.16
RPGF4_HUMAN,0.04
RPTOR_HUMAN,0.16
RRAGA_HUMAN,0.16
RRP15_HUMAN,0.12
RSF1_HUMAN,0.16
RSRC2_HUMAN,0.12
RUVB1_HUMAN,0.04
RUVB2_HUMAN,0.04
SAFB1_HUMAN,0.16
SASH3_HUMAN,0.12
SC22B_HUMAN,0.12
SCAFB_HUMAN,0.12
SCMC1_HUMAN,0.12
SCML2_HUMAN,0.12
SEC62_HUMAN,0.08
SENP1_HUMAN,0.16
SENP2_HUMAN,0.16
SENP3_HUMAN,0.16
SEPT2_HUMAN,0.12
SETD2_HUMAN,0.12
SF3B5_HUMAN,0.12
SFPQ_HUMAN,0.16
SFR19_HUMAN,0.12
SGK1_HUMAN,0.08
SGT1_HUMAN,0.12
SIX6_HUMAN,0.12
SKA1_HUMAN,0.04
SKI_HUMAN,0.04
SMAD1_HUMAN,0.12
SMAD2_HUMAN,0.12
SMAD3_HUMAN,0.16
SMAD4_HUMAN,0.16
SMAD7_HUMAN,0.12
SMC1A_HUMAN,0.16
SMC2_HUMAN,0.08
SMC3_HUMAN,0.16
SMG1_HUMAN,0.12
SMRC2_HUMAN,0.12
SMRCD_HUMAN,0.16
SND1_HUMAN,0.16
SNUT1_HUMAN,0.16
SOX1_HUMAN,0.12
SP16H_HUMAN,0.16
SPAST_HUMAN,0.12
SPT4H_HUMAN,0.16
SR140_HUMAN,0.2
SRC_HUMAN,0.16
SRP14_HUMAN,0.08
SRPK2_HUMAN,0.12
SRSF4_HUMAN,0.16
STK11_HUMAN,0.12
SUGP1_HUMAN,0.12
SUMO1_HUMAN,0.16
SUMO2_HUMAN,0.16
SYTC_HUMAN,0.12
T2AG_HUMAN,0.16
T2EA_HUMAN,0.16
T2FA_HUMAN,0.16
TAF6_HUMAN,0.16
TB182_HUMAN,0.12
TBB4A_HUMAN,0.12
TBK1_HUMAN,0.12
TBP_HUMAN,0.16
TCF25_HUMAN,0.12
TDIF2_HUMAN,0.16
TERF1_HUMAN,0.12
TETN_HUMAN,0.12
TF3C1_HUMAN,0.16
TFR1_HUMAN,0.16
TGFR1_HUMAN,0.12
THOC2_HUMAN,0.16
TICRR_HUMAN,0.12
TIM50_HUMAN,0.12
TMCO6_HUMAN,0.12
TNFA_HUMAN,0.08
TNR8_HUMAN,0.08
TRAF2_HUMAN,0.16
TRAF6_HUMAN,0.16
TRI32_HUMAN,0.16
UB2L3_HUMAN,0.16
UBA1_HUMAN,0.12
UBQL1_HUMAN,0.12
UBQL4_HUMAN,0.12
VPS72_HUMAN,0.09
WASP_HUMAN,0.16
WBP11_HUMAN,0.15
WNK1_HUMAN,0.16
WRN_HUMAN,0.04
XRCC5_HUMAN,0.16
XRCC6_HUMAN,0.16
ZAP70_HUMAN,0.16
ZBT16_HUMAN,0.12
ZN330_HUMAN,0.12
ZN397_HUMAN,0.04
ZN446_HUMAN,0.04
4ET_HUMAN,0.16
AB1IP_HUMAN,0.12
ABI1_HUMAN,0.16
ABL2_HUMAN,0.16
ABR_HUMAN,0.12
ACACA_HUMAN,0.16
ACAP1_HUMAN,0.16
ADDB_HUMAN,0.12
AGAP2_HUMAN,0.12
AJUBA_HUMAN,0.12
AN32B_HUMAN,0.16
API5_HUMAN,0.18
APOA1_HUMAN,0.12
ARI4A_HUMAN,0.16
ARMC7_HUMAN,0.12
ARP10_HUMAN,0.15
ASAP3_HUMAN,0.08
ASHWN_HUMAN,0.16
ATX10_HUMAN,0.16
BAG6_HUMAN,0.16
BCLF1_HUMAN,0.16
BD1L1_HUMAN,0.16
BPTF_HUMAN,0.16
C10_HUMAN,0.08
C1TM_HUMAN,0.12
C2C2L_HUMAN,0.08
CAP1_HUMAN,0.12
CBX3_HUMAN,0.16
CC020_HUMAN,0.12
CCD86_HUMAN,0.12
CCNK_HUMAN,0.12
CD5_HUMAN,0.16
CDK17_HUMAN,0.16
CDN1B_HUMAN,0.12
CE164_HUMAN,0.12
CE170_HUMAN,0.12
CE350_HUMAN,0.12
CEP95_HUMAN,0.12
CH60_HUMAN,0.16
CHSP1_HUMAN,0.16
CLAP1_HUMAN,0.16
CLAP2_HUMAN,0.16
CLK3_HUMAN,0.16
CO9_HUMAN,0.12
COMD6_HUMAN,0.16
CPZIP_HUMAN,0.12
CRIP2_HUMAN,0.12
CRTC1_HUMAN,0.12
CT2NL_HUMAN,0.12
CUX1_HUMAN,0.16
DAP1_HUMAN,0.12
DBF4A_HUMAN,0.16
DBNL_HUMAN,0.16
DDX3X_HUMAN,0.16
DDX52_HUMAN,0.12
DDX55_HUMAN,0.12
DEN1B_HUMAN,0.08
DHX30_HUMAN,0.16
DMXL2_HUMAN,0.08
DNLI1_HUMAN,0.16
DOCK7_HUMAN,0.16
DOK1_HUMAN,0.16
DOT1L_HUMAN,0.16
DSN1_HUMAN,0.16
DTBP1_HUMAN,0.12
DUS3_HUMAN,0.16
E41L2_HUMAN,0.12
EDC3_HUMAN,0.16
EEPD1_HUMAN,0.12
EF2K_HUMAN,0.16
EGLN1_HUMAN,0.16
EHBP1_HUMAN,0.12
ELL2_HUMAN,0.16
ELP4_HUMAN,0.12
EPN1_HUMAN,0.16
EPN4_HUMAN,0.12
ETS1_HUMAN,0.16
F5H0R1_HUMAN,0.16
FA53C_HUMAN,0.12
FACD2_HUMAN,0.16
FANCJ_HUMAN,0.16
FBLN1_HUMAN,0.12
FEM1A_HUMAN,0.12
FETUA_HUMAN,0.12
FOXK2_HUMAN,0.16
FUBP3_HUMAN,0.12
FYV1_HUMAN,0.16
GAB3_HUMAN,0.12
GAPD1_HUMAN,0.12
GBF1_HUMAN,0.16
GBRG2_HUMAN,0.12
GELS_HUMAN,0.16
GEPH_HUMAN,0.12
GLE1_HUMAN,0.12
GLPC_HUMAN,0.08
GRDN_HUMAN,0.16
GTF2I_HUMAN,0.16
GUAA_HUMAN,0.12
GYS1_HUMAN,0.12
H14_HUMAN,0.16
H15_HUMAN,0.16
H2B1M_HUMAN,0.12
H33_HUMAN,0.16
HAUS8_HUMAN,0.12
HECD1_HUMAN,0.12
HERC1_HUMAN,0.12
HJURP_HUMAN,0.16
HMHA1_HUMAN,0.12
HNRL1_HUMAN,0.12
HS105_HUMAN,0.12
ICAM2_HUMAN,0.12
IF4B_HUMAN,0.16
IF4H_HUMAN,0.12
IFG15_HUMAN,0.12
IKZF1_HUMAN,0.12
IKZF2_HUMAN,0.12
IMA1_HUMAN,0.16
INAR1_HUMAN,0.12
INCE_HUMAN,0.24
INF2_HUMAN,0.12
IPYR_HUMAN,0.12
IQCB1_HUMAN,0.08
IQGA1_HUMAN,0.08
IRF2_HUMAN,0.12
IRX1_HUMAN,0.12
ITFG2_HUMAN,0.08
ITIH1_HUMAN,0.12
ITIH2_HUMAN,0.12
J3KPH8_HUMAN,0.16
JARD2_HUMAN,0.09
JHD2C_HUMAN,0.12
JIP4_HUMAN,0.08
JUNB_HUMAN,0.16
K1C9_HUMAN,0.12
K2C1_HUMAN,0.12
KAPCB_HUMAN,0.12
KAT5_HUMAN,0.08
KCTD9_HUMAN,0.12
KDIS_HUMAN,0.12
KDM2A_HUMAN,0.12
KDM6B_HUMAN,0.12
KI67_HUMAN,0.12
KIF1B_HUMAN,0.16
KIF1C_HUMAN,0.16
KIF22_HUMAN,0.12
KIFC1_HUMAN,0.12
KKCC2_HUMAN,0.12
KLDC4_HUMAN,0.12
KLF13_HUMAN,0.16
KMT2C_HUMAN,0.16
L2GL1_HUMAN,0.08
LAGE3_HUMAN,0.12
LAP2A_HUMAN,0.12
LAR1B_HUMAN,0.12
LAR4B_HUMAN,0.12
LARP1_HUMAN,0.16
LASP1_HUMAN,0.16
LBR_HUMAN,0.16
LC7L2_HUMAN,0.16
LEO1_HUMAN,0.16
LEUK_HUMAN,0.12
LIMA1_HUMAN,0.12
LIMD1_HUMAN,0.12
LIPB1_HUMAN,0.16
LMBL3_HUMAN,0.12
LMNB2_HUMAN,0.12
LPIN1_HUMAN,0.12
LRCH3_HUMAN,0.12
LRRF1_HUMAN,0.08
LS14A_HUMAN,0.12
LZTS1_HUMAN,0.12
MA7D1_HUMAN,0.12
MABP1_HUMAN,0.12
MADD_HUMAN,0.12
MARCS_HUMAN,0.16
MARE2_HUMAN,0.12
MARK2_HUMAN,0.12
MAST2_HUMAN,0.12
MAST3_HUMAN,0.12
MB12A_HUMAN,0.16
MBP_HUMAN,0.08
MCES_HUMAN,0.12
MCM3_HUMAN,0.12
MCM4_HUMAN,0.16
MCP_HUMAN,0.12
MDC1_HUMAN,0.16
MEF2A_HUMAN,0.16
MEF2D_HUMAN,0.16
MFF_HUMAN,0.12
MGAP_HUMAN,0.12
MIA2_HUMAN,0.12
MINT_HUMAN,0.16
MKRN2_HUMAN,0.08
MNX1_HUMAN,0.12
MOV10_HUMAN,0.16
MPP8_HUMAN,0.12
MPZL1_HUMAN,0.16
MRP_HUMAN,0.16
MSL1_HUMAN,0.12
MY18A_HUMAN,0.18
MYO5A_HUMAN,0.12
MYPT1_HUMAN,0.16
NASP_HUMAN,0.12
NBEL2_HUMAN,0.12
NCBP1_HUMAN,0.16
NCK5L_HUMAN,0.12
NCOA2_HUMAN,0.16
NCOA3_HUMAN,0.16
NCOA5_HUMAN,0.12
NDE1_HUMAN,0.16
NDEL1_HUMAN,0.12
NDUA5_HUMAN,0.08
NELFE_HUMAN,0.15
NEXN_HUMAN,0.08
NF1_HUMAN,0.12
NFAC1_HUMAN,0.16
NFAC3_HUMAN,0.16
NFKB1_HUMAN,0.12
NGAP_HUMAN,0.16
NIPBL_HUMAN,0.16
NOC2L_HUMAN,0.16
NOSIP_HUMAN,0.12
NRL_HUMAN,0.08
NSD2_HUMAN,0.16
NU133_HUMAN,0.16
NUCKS_HUMAN,0.12
NUMB_HUMAN,0.16
OCAD2_HUMAN,0.12
OSB11_HUMAN,0.12
OSBL3_HUMAN,0.16
P121A_HUMAN,0.12
P5CR2_HUMAN,0.16
PACN3_HUMAN,0.12
PACS1_HUMAN,0.12
PAK4_HUMAN,0.12
PAN3_HUMAN,0.12
PAPOG_HUMAN,0.08
PARG_HUMAN,0.12
PARN_HUMAN,0.16
PB1_HUMAN,0.16
PCBP1_HUMAN,0.16
PCLO_HUMAN,0.12
PCM1_HUMAN,0.12
PDCD6_HUMAN,0.12
PDE3B_HUMAN,0.16
PDE4A_HUMAN,0.12
PDLI7_HUMAN,0.12
PEA15_HUMAN,0.16
PEDF_HUMAN,0.12
PER1_HUMAN,0.12
PEX3_HUMAN,0.16
PHAG1_HUMAN,0.16
PHB2_HUMAN,0.16
PHF20_HUMAN,0.16
PHF2_HUMAN,0.12
PHF3_HUMAN,0.12
PHF6_HUMAN,0.12
PHF8_HUMAN,0.12
PHIP_HUMAN,0.16
PI4KB_HUMAN,0.16
PKHA1_HUMAN,0.12
PML_HUMAN,0.16
PMS2_HUMAN,0.16
PNISR_HUMAN,0.16
PNKD_HUMAN,0.12
PP14B_HUMAN,0.12
PR38B_HUMAN,0.16
PRC2C_HUMAN,0.12
PRCC_HUMAN,0.12
PRDX6_HUMAN,0.12
PRKDC_HUMAN,0.16
PRP16_HUMAN,0.12
PRPS1_HUMAN,0.12
PSA5_HUMAN,0.12
PSF2_HUMAN,0.16
PSIP1_HUMAN,0.16
PSN1_HUMAN,0.12
PTBP1_HUMAN,0.16
PTBP3_HUMAN,0.12
PTN18_HUMAN,0.16
PTN1_HUMAN,0.16
PTN7_HUMAN,0.16
PTSS1_HUMAN,0.08
PTTG_HUMAN,0.16
PUM2_HUMAN,0.08
PXK_HUMAN,0.12
PYR1_HUMAN,0.16
R3HD1_HUMAN,0.12
RAB1A_HUMAN,0.12
RAI1_HUMAN,0.12
RALY_HUMAN,0.12
RARA_HUMAN,0.16
RASH_HUMAN,0.16
RASL3_HUMAN,0.12
RBCC1_HUMAN,0.08
RBGP1_HUMAN,0.16
RBL1_HUMAN,0.12
RBM14_HUMAN,0.12
RBM22_HUMAN,0.12
RBM26_HUMAN,0.12
RBMX2_HUMAN,0.32
RCN3_HUMAN,0.12
RECQ4_HUMAN,0.12
REEP4_HUMAN,0.12
RELL1_HUMAN,0.12
RERE_HUMAN,0.16
RFC1_HUMAN,0.16
RFIP1_HUMAN,0.12
RFX5_HUMAN,0.12
RHG04_HUMAN,0.12
RHG15_HUMAN,0.12
RHG35_HUMAN,0.16
RHPN2_HUMAN,0.12
RIF1_HUMAN,0.16
RIPK3_HUMAN,0.12
RL11_HUMAN,0.04
RL1D1_HUMAN,0.12
RL34_HUMAN,0.12
RLA2_HUMAN,0.08
RM38_HUMAN,0.12
RNC_HUMAN,0.12
ROA0_HUMAN,0.16
ROA2_HUMAN,0.16
ROAA_HUMAN,0.12
RPA43_HUMAN,0.12
RPAB2_HUMAN,0.04
RPB9_HUMAN,0.04
RPGF1_HUMAN,0.16
RPGP2_HUMAN,0.12
RPRD2_HUMAN,0.12
RRAGC_HUMAN,0.16
RRAGD_HUMAN,0.16
RRAS2_HUMAN,0.16
RRP12_HUMAN,0.12
RRP1B_HUMAN,0.12
RRP1_HUMAN,0.12
RS10_HUMAN,0.16
RS3_HUMAN,0.16
RS6_HUMAN,0.16
RSRC1_HUMAN,0.12
RTN4_HUMAN,0.16
RUFY1_HUMAN,0.12
RUNX1_HUMAN,0.16
RWDD4_HUMAN,0.12
RYBP_HUMAN,0.16
S26A2_HUMAN,0.04
S39A7_HUMAN,0.12
S39AA_HUMAN,0.04
SAFB2_HUMAN,0.16
SC61B_HUMAN,0.12
SCPDL_HUMAN,0.12
SELK_HUMAN,0.04
SEM4D_HUMAN,0.12
SENP7_HUMAN,0.12
SEPT6_HUMAN,0.12
SEPT9_HUMAN,0.12
SF3B1_HUMAN,0.16
SF3B2_HUMAN,0.16
SFR1_HUMAN,0.12
SFSWA_HUMAN,0.12
SH3L3_HUMAN,0.12
SHAN2_HUMAN,0.12
SHB_HUMAN,0.16
SHKB1_HUMAN,0.16
SI1L1_HUMAN,0.12
SIN3A_HUMAN,0.16
SIN3B_HUMAN,0.16
SIR1_HUMAN,0.16
SKA3_HUMAN,0.04
SKP1_HUMAN,0.12
SLTM_HUMAN,0.08
SLX4_HUMAN,0.16
SMBP2_HUMAN,0.12
SMC4_HUMAN,0.08
SMCA5_HUMAN,0.16
SMCO4_HUMAN,0.12
SMG5_HUMAN,0.16
SMRC1_HUMAN,0.16
SMUF2_HUMAN,0.12
SNRK_HUMAN,0.12
SNW1_HUMAN,0.12
SNX17_HUMAN,0.12
SOX4_HUMAN,0.12
SP130_HUMAN,0.12
SP1_HUMAN,0.16
SPAG7_HUMAN,0.08
SPD2A_HUMAN,0.12
SPD2B_HUMAN,0.16
SPIR1_HUMAN,0.12
SPT5H_HUMAN,0.16
SPTB2_HUMAN,0.12
SQSTM_HUMAN,0.16
SRA1_HUMAN,0.16
SRGP3_HUMAN,0.12
SRRM2_HUMAN,0.16
SRS10_HUMAN,0.16
SRS11_HUMAN,0.12
SRSF2_HUMAN,0.16
SRSF6_HUMAN,0.12
SRSF8_HUMAN,0.12
SRSF9_HUMAN,0.12
STAT3_HUMAN,0.12
STK3_HUMAN,0.01
STML2_HUMAN,0.12
STMN1_HUMAN,0.16
STX4_HUMAN,0.12
SYMPK_HUMAN,0.12
SZRD1_HUMAN,0.08
T184C_HUMAN,0.08
T22D4_HUMAN,0.16
T2EB_HUMAN,0.16
TACC1_HUMAN,0.12
TAF9B_HUMAN,0.16
TAGL2_HUMAN,0.12
TAL1_HUMAN,0.12
TANC1_HUMAN,0.12
TB10A_HUMAN,0.12
TBA1B_HUMAN,0.12
TBB2B_HUMAN,0.12
TBC13_HUMAN,0.08
TBC15_HUMAN,0.12
TBCD4_HUMAN,0.16
TBCE_HUMAN,0.12
TBD2B_HUMAN,0.16
TCOF_HUMAN,0.16
TCPB_HUMAN,0.16
TCPD_HUMAN,0.16
TCPZ_HUMAN,0.16
TDT_HUMAN,0.12
TEBP_HUMAN,0.16
TERA_HUMAN,0.16
TESK2_HUMAN,0.12
TEX2_HUMAN,0.12
TF2B_HUMAN,0.16
TF3B_HUMAN,0.12
TF3C2_HUMAN,0.16
TFDP2_HUMAN,0.16
TFPT_HUMAN,0.11
TGFA1_HUMAN,0.16
TGFB2_HUMAN,0.12
THOC5_HUMAN,0.16
TIA1_HUMAN,0.12
TIF1B_HUMAN,0.16
TIM13_HUMAN,0.08
TISD_HUMAN,0.12
TLE1_HUMAN,0.12
TLK2_HUMAN,0.12
TM160_HUMAN,0.12
TM230_HUMAN,0.12
TMED2_HUMAN,0.12
TMF1_HUMAN,0.12
TMM11_HUMAN,0.08
TMX1_HUMAN,0.12
TNKS1_HUMAN,0.12
TNKS2_HUMAN,0.12
TNR1A_HUMAN,0.16
TOM1_HUMAN,0.12
TOP1_HUMAN,0.16
TOPB1_HUMAN,0.12
TOPK_HUMAN,0.16
TP53B_HUMAN,0.16
TPC2A_HUMAN,0.12
TPC2L_HUMAN,0.04
TPD54_HUMAN,0.12
TPIS_HUMAN,0.12
TPR_HUMAN,0.16
TPX2_HUMAN,0.12
TR150_HUMAN,0.16
TRA2A_HUMAN,0.16
TRA2B_HUMAN,0.16
TREF1_HUMAN,0.12
TREX1_HUMAN,0.08
TRFE_HUMAN,0.16
TRFL_HUMAN,0.08
TRIPC_HUMAN,0.16
TRRAP_HUMAN,0.16
TS101_HUMAN,0.12
TSP1_HUMAN,0.16
TTC4_HUMAN,0.12
TYB10_HUMAN,0.12
U2AF2_HUMAN,0.12
UB2D2_HUMAN,0.16
UB2J1_HUMAN,0.16
UBAC2_HUMAN,0.3
UBAP2_HUMAN,0.08
UBC9_HUMAN,0.16
UBC_HUMAN,0.12
UBD_HUMAN,0.12
UBE2N_HUMAN,0.16
UBE2O_HUMAN,0.12
UBE2T_HUMAN,0.12
UBE3A_HUMAN,0.16
UBF1_HUMAN,0.16
UBN1_HUMAN,0.16
UBN2_HUMAN,0.12
UBP1_HUMAN,0.16
UBP24_HUMAN,0.12
UBP31_HUMAN,0.12
UBP36_HUMAN,0.12
UBP7_HUMAN,0.16
UBR4_HUMAN,0.16
UBR5_HUMAN,0.16
UBXN7_HUMAN,0.16
UCK2_HUMAN,0.08
UCKL1_HUMAN,0.04
UFL1_HUMAN,0.12
UHRF2_HUMAN,0.12
UIF_HUMAN,0.12
ULK1_HUMAN,0.16
UNKL_HUMAN,0.12
UNK_HUMAN,0.12
VIME_HUMAN,0.16
VINEX_HUMAN,0.16
VIR_HUMAN,0.12
VMA21_HUMAN,0.12
VP13B_HUMAN,0.12
VPP2_HUMAN,0.12
VRK3_HUMAN,0.12
VTDB_HUMAN,0.12
VTNC_HUMAN,0.16
WAC_HUMAN,0.12
WAPL_HUMAN,0.12
WBP2_HUMAN,0.16
WBP4_HUMAN,0.16
WDHD1_HUMAN,0.12
WDR5_HUMAN,0.16
WDR75_HUMAN,0.12
WEE1_HUMAN,0.16
WIPF1_HUMAN,0.16
WIPF2_HUMAN,0.16
XIAP_HUMAN,0.16
XRCC1_HUMAN,0.16
YLPM1_HUMAN,0.12
YTDC1_HUMAN,0.16
Z280C_HUMAN,0.12
Z512B_HUMAN,0.08
ZBED4_HUMAN,0.12
ZBT40_HUMAN,0.12
ZC11A_HUMAN,0.16
ZC3H1_HUMAN,0.09
ZC3H4_HUMAN,0.16
ZC3HD_HUMAN,0.12
ZC3HE_HUMAN,0.08
ZCCHV_HUMAN,0.12
ZCHC8_HUMAN,0.12
ZEP1_HUMAN,0.12
ZKSC8_HUMAN,0.12
ZN106_HUMAN,0.16
ZN217_HUMAN,0.16
ZN318_HUMAN,0.12
ZN335_HUMAN,0.17
ZN408_HUMAN,0.12
ZN592_HUMAN,0.12
ZN598_HUMAN,0.08
ZN609_HUMAN,0.12
ZN644_HUMAN,0.12
ZNF24_HUMAN,0.04
ZRAB2_HUMAN,0.08
ZZZ3_HUMAN,0.12
